orange,blue,green,magenta
60.33333333,61.83333333,66.16666667,69.16666667
58,57.5,60.16666667,60.66666667
74.66666667,72,72.66666667,73.33333333
59.83333333,62,68.5,65.33333333
77.33333333,72.5,77.66666667,79.16666667
